id,index,period,timestamp,minute,second,type,possession,possession_team,play_pattern,team,player,position,location,duration,related_events,match_id,shot_statsbomb_xg,shot_end_location,shot_key_pass_id,shot_type,shot_outcome,shot_first_time,shot_technique,shot_body_part,shot_freeze_frame,possession_team_id,team_id,player_id,under_pressure,shot_aerial_won,shot_one_on_one,shot_deflected,out,shot_open_goal,shot_redirect,shot_saved_off_target,shot_saved_to_post,off_camera,shot_follows_dribble,goal,shot_with_pass,player_x,player_y,shot_end_x,shot_end_y,shot_end_z,assist,assist_play_pattern,inside_18_width,inside_18_depth,inside_18,shot_distance,shot_angle,bodypart_angle
ba46e9d6-e828-4599-952c-39c1f7d22659,263,1,00:04:21.052,4,21,Shot,7,Hoffenheim,Regular Play,Hoffenheim,Tarik Elyounoussi,Left Wing Back,"[108.1, 31.2]",0.597523,['510415d8-785b-4476-a852-d8dab88514ec'],3890561,0.08790052,"[120.0, 35.2, 1.0]",c847e287-a1fa-4755-95c0-f80e8484fa9e,Open Play,Off T,True,Half Volley,Left Foot,"[{'location': [115.7, 50.0], 'player': {'id': 3510, 'name': 'Sead Kolašinac'}, 'position': {'id': 6, 'name': 'Left Back'}, 'teammate': False}, {'location': [113.2, 39.3], 'player': {'id': 3502, 'name': 'Joël Andre Job Matip'}, 'position': {'id': 3, 'name': 'Right Center Back'}, 'teammate': False}, {'location': [119.0, 42.5], 'player': {'id': 16534, 'name': 'Roman Neustädter'}, 'position': {'id': 5, 'name': 'Left Center Back'}, 'teammate': False}, {'location': [111.6, 34.8], 'player': {'id': 7016, 'name': 'Benedikt Höwedes'}, 'position': {'id': 2, 'name': 'Right Back'}, 'teammate': False}, {'location': [96.7, 36.3], 'player': {'id': 6039, 'name': 'Sebastian Rudy'}, 'position': {'id': 11, 'name': 'Left Defensive Midfield'}, 'teammate': True}, {'location': [104.0, 43.8], 'player': {'id': 8556, 'name': 'Pirmin Schwegler'}, 'position': {'id': 9, 'name': 'Right Defensive Midfield'}, 'teammate': True}, {'location': [109.2, 37.7], 'player': {'id': 5460, 'name': 'Andrej Kramarić'}, 'position': {'id': 23, 'name': 'Center Forward'}, 'teammate': True}, {'location': [111.6, 41.9], 'player': {'id': 8387, 'name': 'Mark Uth'}, 'position': {'id': 18, 'name': 'Right Attacking Midfield'}, 'teammate': True}, {'location': [119.0, 38.7], 'player': {'id': 8517, 'name': 'Ralf Fährmann'}, 'position': {'id': 1, 'name': 'Goalkeeper'}, 'teammate': False}, {'location': [93.8, 39.7], 'player': {'id': 8508, 'name': 'Max Meyer'}, 'position': {'id': 13, 'name': 'Right Center Midfield'}, 'teammate': False}, {'location': [89.8, 27.4], 'player': {'id': 3053, 'name': 'Leroy Sané'}, 'position': {'id': 12, 'name': 'Right Midfield'}, 'teammate': False}, {'location': [103.5, 50.4], 'player': {'id': 5242, 'name': 'Younès Belhanda'}, 'position': {'id': 15, 'name': 'Left Center Midfield'}, 'teammate': False}]",175,175,26832,False,False,False,False,False,False,False,False,False,False,False,False,True,108.1,31.2,120.0,35.2,1.0,,,True,True,True,14.800337833982038,53.52,Left - Outside Foot
85d67225-30fb-47c8-b478-cf568941a164,353,1,00:06:27.395,6,27,Shot,11,Schalke 04,From Throw In,Schalke 04,Klaas-Jan Huntelaar,Center Forward,"[110.9, 42.6]",0.636048,['0b3c1ca9-326a-4ad8-b9c4-b615724e8d4b'],3890561,0.1602738,"[120.0, 39.3, 0.5]",17233210-88d1-4280-8b02-3afc1de30029,Open Play,Goal,True,Volley,Right Foot,"[{'location': [98.4, 33.1], 'player': {'id': 8556, 'name': 'Pirmin Schwegler'}, 'position': {'id': 9, 'name': 'Right Defensive Midfield'}, 'teammate': False}, {'location': [90.7, 47.1], 'player': {'id': 8215, 'name': 'Kevin Volland'}, 'position': {'id': 20, 'name': 'Left Attacking Midfield'}, 'teammate': False}, {'location': [100.1, 23.7], 'player': {'id': 9397, 'name': 'Pavel Kadeřábek'}, 'position': {'id': 7, 'name': 'Right Wing Back'}, 'teammate': False}, {'location': [102.3, 28.4], 'player': {'id': 5537, 'name': 'Fabian Lukas Schär'}, 'position': {'id': 3, 'name': 'Right Center Back'}, 'teammate': False}, {'location': [93.6, 26.2], 'player': {'id': 6039, 'name': 'Sebastian Rudy'}, 'position': {'id': 11, 'name': 'Left Defensive Midfield'}, 'teammate': False}, {'location': [102.2, 35.8], 'player': {'id': 9396, 'name': 'Ermin Bičakčić'}, 'position': {'id': 4, 'name': 'Center Back'}, 'teammate': False}, {'location': [116.0, 42.0], 'player': {'id': 37972, 'name': 'Jens Grahl'}, 'position': {'id': 1, 'name': 'Goalkeeper'}, 'teammate': False}, {'location': [109.4, 42.2], 'player': {'id': 12321, 'name': 'Tobias Strobl'}, 'position': {'id': 5, 'name': 'Left Center Back'}, 'teammate': False}, {'location': [109.9, 46.2], 'player': {'id': 26832, 'name': 'Tarik Elyounoussi'}, 'position': {'id': 8, 'name': 'Left Wing Back'}, 'teammate': False}, {'location': [104.5, 24.8], 'player': {'id': 3499, 'name': 'Jean-Eric Maxim Choupo-Moting'}, 'position': {'id': 16, 'name': 'Left Midfield'}, 'teammate': True}, {'location': [86.5, 47.3], 'player': {'id': 7016, 'name': 'Benedikt Höwedes'}, 'position': {'id': 2, 'name': 'Right Back'}, 'teammate': True}, {'location': [103.2, 32.2], 'player': {'id': 8508, 'name': 'Max Meyer'}, 'position': {'id': 13, 'name': 'Right Center Midfield'}, 'teammate': True}, {'location': [111.9, 46.5], 'player': {'id': 3053, 'name': 'Leroy Sané'}, 'position': {'id': 12, 'name': 'Right Midfield'}, 'teammate': True}]",181,181,8060,False,False,False,False,False,False,False,False,False,False,False,True,True,110.9,42.6,120.0,39.3,0.5,,,True,True,True,9.464142856064669,105.95,Right - Outside Foot
adac17d3-5e67-4e8c-b482-4bae2f36e06e,410,1,00:08:16.762,8,16,Shot,15,Hoffenheim,From Throw In,Hoffenheim,Kevin Volland,Left Attacking Midfield,"[117.9, 29.1]",0.125672,"['7dfad14b-d366-45bc-9eb2-b0f12c2f76da', '8bdda6e5-c3f8-48aa-9fc3-13543363ea08', 'f47ba15f-29d8-4495-839d-d43ba18e5339']",3890561,0.016036475,"[118.1, 30.2]",No Pass,Open Play,Blocked,True,Half Volley,Left Foot,"[{'location': [101.9, 52.4], 'player': {'id': 8387, 'name': 'Mark Uth'}, 'position': {'id': 18, 'name': 'Right Attacking Midfield'}, 'teammate': True}, {'location': [109.3, 50.2], 'player': {'id': 5460, 'name': 'Andrej Kramarić'}, 'position': {'id': 23, 'name': 'Center Forward'}, 'teammate': True}, {'location': [99.4, 29.5], 'player': {'id': 26832, 'name': 'Tarik Elyounoussi'}, 'position': {'id': 8, 'name': 'Left Wing Back'}, 'teammate': True}, {'location': [118.6, 39.2], 'player': {'id': 8517, 'name': 'Ralf Fährmann'}, 'position': {'id': 1, 'name': 'Goalkeeper'}, 'teammate': False}, {'location': [100.4, 44.0], 'player': {'id': 8508, 'name': 'Max Meyer'}, 'position': {'id': 13, 'name': 'Right Center Midfield'}, 'teammate': False}, {'location': [108.2, 50.2], 'player': {'id': 6717, 'name': 'Johannes Geis'}, 'position': {'id': 10, 'name': 'Center Defensive Midfield'}, 'teammate': False}, {'location': [108.6, 57.5], 'player': {'id': 3510, 'name': 'Sead Kolašinac'}, 'position': {'id': 6, 'name': 'Left Back'}, 'teammate': False}, {'location': [109.7, 48.9], 'player': {'id': 16534, 'name': 'Roman Neustädter'}, 'position': {'id': 5, 'name': 'Left Center Back'}, 'teammate': False}, {'location': [111.1, 46.1], 'player': {'id': 3502, 'name': 'Joël Andre Job Matip'}, 'position': {'id': 3, 'name': 'Right Center Back'}, 'teammate': False}, {'location': [118.1, 30.3], 'player': {'id': 7016, 'name': 'Benedikt Höwedes'}, 'position': {'id': 2, 'name': 'Right Back'}, 'teammate': False}, {'location': [106.4, 30.9], 'player': {'id': 3053, 'name': 'Leroy Sané'}, 'position': {'id': 12, 'name': 'Right Midfield'}, 'teammate': False}]",175,175,8215,True,False,False,False,False,False,False,False,False,False,False,False,True,117.9,29.1,118.1,30.2,-1.0,,,True,True,True,11.100450441310928,10.91,Left - Outside Foot
abffd193-62bc-4c8d-8636-1e3f0f0ebbe5,624,1,00:13:55.721,13,55,Shot,27,Schalke 04,From Counter,Schalke 04,Jean-Eric Maxim Choupo-Moting,Left Midfield,"[101.8, 27.6]",1.303079,['a5ca19ae-426d-4751-99c8-026d95033717'],3890561,0.5277586,"[120.0, 39.0, 0.2]",8141c08b-c81b-4c51-93f7-3a16e8654928,Open Play,Goal,False,Normal,Left Foot,"[{'location': [93.1, 35.3], 'player': {'id': 9397, 'name': 'Pavel Kadeřábek'}, 'position': {'id': 7, 'name': 'Right Wing Back'}, 'teammate': False}, {'location': [85.8, 34.9], 'player': {'id': 5537, 'name': 'Fabian Lukas Schär'}, 'position': {'id': 3, 'name': 'Right Center Back'}, 'teammate': False}, {'location': [97.0, 26.8], 'player': {'id': 37972, 'name': 'Jens Grahl'}, 'position': {'id': 1, 'name': 'Goalkeeper'}, 'teammate': False}, {'location': [102.8, 42.8], 'player': {'id': 12321, 'name': 'Tobias Strobl'}, 'position': {'id': 5, 'name': 'Left Center Back'}, 'teammate': False}, {'location': [104.2, 35.1], 'player': {'id': 9396, 'name': 'Ermin Bičakčić'}, 'position': {'id': 4, 'name': 'Center Back'}, 'teammate': False}, {'location': [89.6, 53.0], 'player': {'id': 26832, 'name': 'Tarik Elyounoussi'}, 'position': {'id': 8, 'name': 'Left Wing Back'}, 'teammate': False}, {'location': [94.2, 39.6], 'player': {'id': 8508, 'name': 'Max Meyer'}, 'position': {'id': 13, 'name': 'Right Center Midfield'}, 'teammate': True}, {'location': [82.3, 47.5], 'player': {'id': 8060, 'name': 'Klaas-Jan Huntelaar'}, 'position': {'id': 23, 'name': 'Center Forward'}, 'teammate': True}, {'location': [86.0, 56.3], 'player': {'id': 3053, 'name': 'Leroy Sané'}, 'position': {'id': 12, 'name': 'Right Midfield'}, 'teammate': True}]",181,181,3499,False,False,False,False,False,False,False,False,False,False,False,True,True,101.8,27.6,120.0,39.0,0.2,,,True,False,False,22.022715545545243,55.73,Left - Outside Foot
d9cea903-f92a-40e1-a393-1a849d83f157,749,1,00:17:16.953,17,16,Shot,33,Schalke 04,Regular Play,Schalke 04,Klaas-Jan Huntelaar,Center Forward,"[109.3, 26.5]",0.666134,['286fd384-aa80-4471-9488-98f89fd14af7'],3890561,0.0740198,"[118.8, 36.0, 0.2]",0d0fcf9b-5864-43eb-affe-e3101bcf00ff,Open Play,Saved,False,Normal,Right Foot,"[{'location': [88.4, 69.5], 'player': {'id': 3053, 'name': 'Leroy Sané'}, 'position': {'id': 12, 'name': 'Right Midfield'}, 'teammate': True}, {'location': [111.2, 32.8], 'player': {'id': 9396, 'name': 'Ermin Bičakčić'}, 'position': {'id': 4, 'name': 'Center Back'}, 'teammate': False}, {'location': [108.2, 33.2], 'player': {'id': 9397, 'name': 'Pavel Kadeřábek'}, 'position': {'id': 7, 'name': 'Right Wing Back'}, 'teammate': False}, {'location': [111.7, 27.1], 'player': {'id': 5537, 'name': 'Fabian Lukas Schär'}, 'position': {'id': 3, 'name': 'Right Center Back'}, 'teammate': False}, {'location': [102.1, 34.7], 'player': {'id': 8556, 'name': 'Pirmin Schwegler'}, 'position': {'id': 9, 'name': 'Right Defensive Midfield'}, 'teammate': False}, {'location': [118.3, 36.5], 'player': {'id': 37972, 'name': 'Jens Grahl'}, 'position': {'id': 1, 'name': 'Goalkeeper'}, 'teammate': False}, {'location': [113.6, 41.5], 'player': {'id': 12321, 'name': 'Tobias Strobl'}, 'position': {'id': 5, 'name': 'Left Center Back'}, 'teammate': False}, {'location': [107.1, 48.5], 'player': {'id': 26832, 'name': 'Tarik Elyounoussi'}, 'position': {'id': 8, 'name': 'Left Wing Back'}, 'teammate': False}, {'location': [104.1, 40.5], 'player': {'id': 6039, 'name': 'Sebastian Rudy'}, 'position': {'id': 11, 'name': 'Left Defensive Midfield'}, 'teammate': False}, {'location': [99.3, 34.4], 'player': {'id': 5242, 'name': 'Younès Belhanda'}, 'position': {'id': 15, 'name': 'Left Center Midfield'}, 'teammate': True}, {'location': [106.3, 33.2], 'player': {'id': 3499, 'name': 'Jean-Eric Maxim Choupo-Moting'}, 'position': {'id': 16, 'name': 'Left Midfield'}, 'teammate': True}, {'location': [112.1, 40.7], 'player': {'id': 8508, 'name': 'Max Meyer'}, 'position': {'id': 13, 'name': 'Right Center Midfield'}, 'teammate': True}]",181,181,8060,False,False,False,False,False,False,False,False,False,False,False,False,True,109.3,26.5,118.8,36.0,0.2,,,True,True,True,17.22614292289484,38.4,Left - Inside Foot
92ef54cd-5bb9-4b42-9d82-e60aa070e5a8,1062,1,00:24:26.914,24,26,Shot,49,Schalke 04,From Free Kick,Schalke 04,Klaas-Jan Huntelaar,Center Forward,"[106.1, 43.5]",0.656701,['907a5c15-4627-4c21-860e-d686ac2538ac'],3890561,0.05690249,"[117.1, 41.4, 2.0]",4f0575f4-e9d3-43f8-8706-970daad959ed,Open Play,Saved,False,Normal,Head,"[{'location': [86.0, 37.4], 'player': {'id': 6039, 'name': 'Sebastian Rudy'}, 'position': {'id': 11, 'name': 'Left Defensive Midfield'}, 'teammate': False}, {'location': [106.1, 45.9], 'player': {'id': 9396, 'name': 'Ermin Bičakčić'}, 'position': {'id': 4, 'name': 'Center Back'}, 'teammate': False}, {'location': [105.7, 41.3], 'player': {'id': 5537, 'name': 'Fabian Lukas Schär'}, 'position': {'id': 3, 'name': 'Right Center Back'}, 'teammate': False}, {'location': [102.8, 31.0], 'player': {'id': 9397, 'name': 'Pavel Kadeřábek'}, 'position': {'id': 7, 'name': 'Right Wing Back'}, 'teammate': False}, {'location': [91.5, 50.4], 'player': {'id': 8556, 'name': 'Pirmin Schwegler'}, 'position': {'id': 9, 'name': 'Right Defensive Midfield'}, 'teammate': False}, {'location': [116.8, 41.5], 'player': {'id': 37972, 'name': 'Jens Grahl'}, 'position': {'id': 1, 'name': 'Goalkeeper'}, 'teammate': False}, {'location': [99.8, 57.5], 'player': {'id': 12321, 'name': 'Tobias Strobl'}, 'position': {'id': 5, 'name': 'Left Center Back'}, 'teammate': False}, {'location': [95.4, 61.4], 'player': {'id': 26832, 'name': 'Tarik Elyounoussi'}, 'position': {'id': 8, 'name': 'Left Wing Back'}, 'teammate': False}, {'location': [88.5, 60.1], 'player': {'id': 8215, 'name': 'Kevin Volland'}, 'position': {'id': 20, 'name': 'Left Attacking Midfield'}, 'teammate': False}, {'location': [101.6, 28.9], 'player': {'id': 3499, 'name': 'Jean-Eric Maxim Choupo-Moting'}, 'position': {'id': 16, 'name': 'Left Midfield'}, 'teammate': True}, {'location': [94.6, 37.2], 'player': {'id': 5242, 'name': 'Younès Belhanda'}, 'position': {'id': 15, 'name': 'Left Center Midfield'}, 'teammate': True}, {'location': [88.6, 54.9], 'player': {'id': 3053, 'name': 'Leroy Sané'}, 'position': {'id': 12, 'name': 'Right Midfield'}, 'teammate': True}, {'location': [90.7, 64.8], 'player': {'id': 7016, 'name': 'Benedikt Höwedes'}, 'position': {'id': 2, 'name': 'Right Back'}, 'teammate': True}]",181,181,8060,False,False,False,False,False,False,False,False,False,False,False,False,True,106.1,43.5,117.1,41.4,2.0,,,True,True,True,14.33387595872101,104.13,Right - Head
fd99f442-49ae-4724-87e8-2512e4a5d9c6,1067,1,00:25:04.076,25,4,Shot,50,Schalke 04,From Corner,Schalke 04,Joël Andre Job Matip,Right Center Back,"[109.0, 41.7]",0.600899,"['1e7fc042-b0d1-4c17-b034-b25cd0e0b215', '4b0bd2d2-f052-4233-9c84-8d7373b20a8d']",3890561,0.042032436,"[120.0, 37.4, 3.5]",4ab0e3ff-5a97-4248-9903-e760b73751d0,Open Play,Off T,False,Normal,Head,"[{'location': [115.5, 44.9], 'player': {'id': 26832, 'name': 'Tarik Elyounoussi'}, 'position': {'id': 8, 'name': 'Left Wing Back'}, 'teammate': False}, {'location': [100.7, 60.3], 'player': {'id': 8387, 'name': 'Mark Uth'}, 'position': {'id': 18, 'name': 'Right Attacking Midfield'}, 'teammate': False}, {'location': [111.0, 42.3], 'player': {'id': 9396, 'name': 'Ermin Bičakčić'}, 'position': {'id': 4, 'name': 'Center Back'}, 'teammate': False}, {'location': [108.7, 40.7], 'player': {'id': 8215, 'name': 'Kevin Volland'}, 'position': {'id': 20, 'name': 'Left Attacking Midfield'}, 'teammate': False}, {'location': [109.1, 41.2], 'player': {'id': 9397, 'name': 'Pavel Kadeřábek'}, 'position': {'id': 7, 'name': 'Right Wing Back'}, 'teammate': False}, {'location': [110.0, 38.5], 'player': {'id': 5537, 'name': 'Fabian Lukas Schär'}, 'position': {'id': 3, 'name': 'Right Center Back'}, 'teammate': False}, {'location': [119.3, 41.2], 'player': {'id': 37972, 'name': 'Jens Grahl'}, 'position': {'id': 1, 'name': 'Goalkeeper'}, 'teammate': False}, {'location': [115.3, 36.7], 'player': {'id': 8556, 'name': 'Pirmin Schwegler'}, 'position': {'id': 9, 'name': 'Right Defensive Midfield'}, 'teammate': False}, {'location': [113.5, 41.7], 'player': {'id': 12321, 'name': 'Tobias Strobl'}, 'position': {'id': 5, 'name': 'Left Center Back'}, 'teammate': False}, {'location': [110.5, 45.7], 'player': {'id': 6039, 'name': 'Sebastian Rudy'}, 'position': {'id': 11, 'name': 'Left Defensive Midfield'}, 'teammate': False}, {'location': [109.6, 44.5], 'player': {'id': 5460, 'name': 'Andrej Kramarić'}, 'position': {'id': 23, 'name': 'Center Forward'}, 'teammate': False}, {'location': [110.6, 30.7], 'player': {'id': 16534, 'name': 'Roman Neustädter'}, 'position': {'id': 5, 'name': 'Left Center Back'}, 'teammate': True}, {'location': [97.7, 35.0], 'player': {'id': 8508, 'name': 'Max Meyer'}, 'position': {'id': 13, 'name': 'Right Center Midfield'}, 'teammate': True}, {'location': [100.5, 63.6], 'player': {'id': 5242, 'name': 'Younès Belhanda'}, 'position': {'id': 15, 'name': 'Left Center Midfield'}, 'teammate': True}, {'location': [113.7, 45.3], 'player': {'id': 7016, 'name': 'Benedikt Höwedes'}, 'position': {'id': 2, 'name': 'Right Back'}, 'teammate': True}, {'location': [113.5, 39.1], 'player': {'id': 8060, 'name': 'Klaas-Jan Huntelaar'}, 'position': {'id': 23, 'name': 'Center Forward'}, 'teammate': True}, {'location': [107.3, 37.1], 'player': {'id': 3499, 'name': 'Jean-Eric Maxim Choupo-Moting'}, 'position': {'id': 16, 'name': 'Left Midfield'}, 'teammate': True}, {'location': [97.5, 48.5], 'player': {'id': 3053, 'name': 'Leroy Sané'}, 'position': {'id': 12, 'name': 'Right Midfield'}, 'teammate': True}]",181,181,3502,True,True,False,False,False,False,False,False,False,False,False,False,True,109.0,41.7,120.0,37.4,3.5,,,True,True,True,11.130588483993108,98.79,Right - Head
c4d9a52d-7469-472f-a7e1-70d5a0fe2049,1648,1,00:39:00.667,39,0,Shot,71,Schalke 04,From Free Kick,Schalke 04,Klaas-Jan Huntelaar,Center Forward,"[100.1, 29.6]",0.784172,['12ca5e3e-682a-45cf-b0ab-6f7523968402'],3890561,0.04037651,"[120.0, 27.3, 0.2]",924eee2e-c721-4b68-ba57-e97dfb0e2bb5,Open Play,Off T,True,Normal,Right Foot,"[{'location': [108.4, 33.0], 'player': {'id': 9397, 'name': 'Pavel Kadeřábek'}, 'position': {'id': 2, 'name': 'Right Back'}, 'teammate': False}, {'location': [107.2, 29.1], 'player': {'id': 8556, 'name': 'Pirmin Schwegler'}, 'position': {'id': 10, 'name': 'Center Defensive Midfield'}, 'teammate': False}, {'location': [109.6, 36.8], 'player': {'id': 9396, 'name': 'Ermin Bičakčić'}, 'position': {'id': 5, 'name': 'Left Center Back'}, 'teammate': False}, {'location': [117.6, 37.9], 'player': {'id': 37972, 'name': 'Jens Grahl'}, 'position': {'id': 1, 'name': 'Goalkeeper'}, 'teammate': False}, {'location': [109.1, 41.2], 'player': {'id': 12321, 'name': 'Tobias Strobl'}, 'position': {'id': 6, 'name': 'Left Back'}, 'teammate': False}, {'location': [103.7, 34.6], 'player': {'id': 26832, 'name': 'Tarik Elyounoussi'}, 'position': {'id': 15, 'name': 'Left Center Midfield'}, 'teammate': False}, {'location': [92.5, 32.4], 'player': {'id': 6039, 'name': 'Sebastian Rudy'}, 'position': {'id': 13, 'name': 'Right Center Midfield'}, 'teammate': False}, {'location': [109.1, 40.2], 'player': {'id': 8508, 'name': 'Max Meyer'}, 'position': {'id': 13, 'name': 'Right Center Midfield'}, 'teammate': True}, {'location': [101.1, 43.8], 'player': {'id': 3053, 'name': 'Leroy Sané'}, 'position': {'id': 12, 'name': 'Right Midfield'}, 'teammate': True}, {'location': [109.3, 28.6], 'player': {'id': 3499, 'name': 'Jean-Eric Maxim Choupo-Moting'}, 'position': {'id': 16, 'name': 'Left Midfield'}, 'teammate': True}, {'location': [99.9, 39.2], 'player': {'id': 5242, 'name': 'Younès Belhanda'}, 'position': {'id': 15, 'name': 'Left Center Midfield'}, 'teammate': True}]",181,181,8060,False,False,False,False,False,False,False,False,False,False,False,False,True,100.1,29.6,120.0,27.3,0.2,,,True,False,False,22.453730202351682,62.41,Left - Inside Foot
e06ae8d9-fdf1-434d-8526-77b9de23c2d5,1668,1,00:40:06.160,40,6,Shot,72,Hoffenheim,From Goal Kick,Hoffenheim,Mark Uth,Right Wing,"[113.7, 37.4]",0.544366,['2b760bfc-2d49-4a79-961e-0679ed797293'],3890561,0.27565885,"[120.0, 38.5, 0.2]",b5c92a97-5276-4a8c-b732-44461321b5c3,Open Play,Goal,True,Half Volley,Right Foot,"[{'location': [118.2, 35.2], 'player': {'id': 8517, 'name': 'Ralf Fährmann'}, 'position': {'id': 1, 'name': 'Goalkeeper'}, 'teammate': False}, {'location': [114.9, 38.2], 'player': {'id': 3510, 'name': 'Sead Kolašinac'}, 'position': {'id': 6, 'name': 'Left Back'}, 'teammate': False}, {'location': [114.2, 32.6], 'player': {'id': 6717, 'name': 'Johannes Geis'}, 'position': {'id': 10, 'name': 'Center Defensive Midfield'}, 'teammate': False}, {'location': [111.4, 28.0], 'player': {'id': 7016, 'name': 'Benedikt Höwedes'}, 'position': {'id': 2, 'name': 'Right Back'}, 'teammate': False}, {'location': [117.7, 26.7], 'player': {'id': 16534, 'name': 'Roman Neustädter'}, 'position': {'id': 5, 'name': 'Left Center Back'}, 'teammate': False}, {'location': [113.1, 25.2], 'player': {'id': 3502, 'name': 'Joël Andre Job Matip'}, 'position': {'id': 3, 'name': 'Right Center Back'}, 'teammate': False}, {'location': [89.9, 19.2], 'player': {'id': 3053, 'name': 'Leroy Sané'}, 'position': {'id': 12, 'name': 'Right Midfield'}, 'teammate': False}, {'location': [89.3, 19.7], 'player': {'id': 12321, 'name': 'Tobias Strobl'}, 'position': {'id': 6, 'name': 'Left Back'}, 'teammate': True}, {'location': [101.9, 40.1], 'player': {'id': 6039, 'name': 'Sebastian Rudy'}, 'position': {'id': 13, 'name': 'Right Center Midfield'}, 'teammate': True}, {'location': [101.8, 34.5], 'player': {'id': 8215, 'name': 'Kevin Volland'}, 'position': {'id': 21, 'name': 'Left Wing'}, 'teammate': True}, {'location': [114.4, 30.4], 'player': {'id': 5460, 'name': 'Andrej Kramarić'}, 'position': {'id': 23, 'name': 'Center Forward'}, 'teammate': True}, {'location': [117.5, 25.3], 'player': {'id': 26832, 'name': 'Tarik Elyounoussi'}, 'position': {'id': 15, 'name': 'Left Center Midfield'}, 'teammate': True}]",175,175,8387,False,False,False,False,False,False,False,False,False,False,False,True,True,113.7,37.4,120.0,38.5,0.2,,,True,True,True,6.815423684555492,67.57,Left - Inside Foot
cb389b59-0d50-4094-9bcb-5ddfab790447,1820,1,00:44:33.291,44,33,Shot,82,Hoffenheim,Regular Play,Hoffenheim,Kevin Volland,Left Wing,"[103.7, 24.1]",0.221796,"['67f6084b-938a-429d-9a7c-fec73cf48e1e', 'cb3f3c1d-f1ef-48cd-811d-867e132873f3']",3890561,0.02880262,"[106.2, 26.6]",14f8d119-dd68-4be3-b7ea-0e6ad7f47b8d,Open Play,Blocked,False,Normal,Left Foot,"[{'location': [93.2, 31.0], 'player': {'id': 3053, 'name': 'Leroy Sané'}, 'position': {'id': 12, 'name': 'Right Midfield'}, 'teammate': False}, {'location': [103.2, 47.0], 'player': {'id': 3510, 'name': 'Sead Kolašinac'}, 'position': {'id': 6, 'name': 'Left Back'}, 'teammate': False}, {'location': [99.2, 36.0], 'player': {'id': 6717, 'name': 'Johannes Geis'}, 'position': {'id': 10, 'name': 'Center Defensive Midfield'}, 'teammate': False}, {'location': [105.0, 39.6], 'player': {'id': 16534, 'name': 'Roman Neustädter'}, 'position': {'id': 5, 'name': 'Left Center Back'}, 'teammate': False}, {'location': [104.1, 31.2], 'player': {'id': 3502, 'name': 'Joël Andre Job Matip'}, 'position': {'id': 3, 'name': 'Right Center Back'}, 'teammate': False}, {'location': [106.5, 26.9], 'player': {'id': 7016, 'name': 'Benedikt Höwedes'}, 'position': {'id': 2, 'name': 'Right Back'}, 'teammate': False}, {'location': [119.1, 37.8], 'player': {'id': 8517, 'name': 'Ralf Fährmann'}, 'position': {'id': 1, 'name': 'Goalkeeper'}, 'teammate': False}, {'location': [104.7, 44.6], 'player': {'id': 8387, 'name': 'Mark Uth'}, 'position': {'id': 17, 'name': 'Right Wing'}, 'teammate': True}, {'location': [104.2, 35.6], 'player': {'id': 26832, 'name': 'Tarik Elyounoussi'}, 'position': {'id': 15, 'name': 'Left Center Midfield'}, 'teammate': True}, {'location': [102.6, 19.1], 'player': {'id': 5460, 'name': 'Andrej Kramarić'}, 'position': {'id': 23, 'name': 'Center Forward'}, 'teammate': True}]",175,175,8215,False,False,False,False,False,False,False,False,False,False,False,False,True,103.7,24.1,106.2,26.6,-1.0,,,True,True,True,22.770595073471394,45.71,Left - Outside Foot
4aaf9747-c33d-4f76-bb0f-d25ad1ebe7c6,1827,1,00:45:11.565,45,11,Shot,83,Hoffenheim,From Corner,Hoffenheim,Mark Uth,Right Wing,"[114.5, 37.5]",0.866391,"['08f8661a-8f90-4d7a-9a68-0ffc40b8f079', '69dc9750-d37d-4109-804c-73b2ed3f79b1']",3890561,0.15333019,"[120.0, 44.0, 3.6]",ff2db91c-594c-41bd-a043-e10a22991df7,Open Play,Off T,False,Normal,Head,"[{'location': [112.0, 38.8], 'player': {'id': 8060, 'name': 'Klaas-Jan Huntelaar'}, 'position': {'id': 23, 'name': 'Center Forward'}, 'teammate': False}, {'location': [117.3, 43.1], 'player': {'id': 3053, 'name': 'Leroy Sané'}, 'position': {'id': 12, 'name': 'Right Midfield'}, 'teammate': False}, {'location': [113.2, 37.8], 'player': {'id': 7016, 'name': 'Benedikt Höwedes'}, 'position': {'id': 2, 'name': 'Right Back'}, 'teammate': False}, {'location': [112.8, 44.2], 'player': {'id': 5242, 'name': 'Younès Belhanda'}, 'position': {'id': 15, 'name': 'Left Center Midfield'}, 'teammate': False}, {'location': [114.5, 38.2], 'player': {'id': 3502, 'name': 'Joël Andre Job Matip'}, 'position': {'id': 3, 'name': 'Right Center Back'}, 'teammate': False}, {'location': [114.9, 36.7], 'player': {'id': 16534, 'name': 'Roman Neustädter'}, 'position': {'id': 5, 'name': 'Left Center Back'}, 'teammate': False}, {'location': [113.7, 30.9], 'player': {'id': 3510, 'name': 'Sead Kolašinac'}, 'position': {'id': 6, 'name': 'Left Back'}, 'teammate': False}, {'location': [105.8, 45.8], 'player': {'id': 3499, 'name': 'Jean-Eric Maxim Choupo-Moting'}, 'position': {'id': 16, 'name': 'Left Midfield'}, 'teammate': False}, {'location': [119.8, 36.9], 'player': {'id': 6717, 'name': 'Johannes Geis'}, 'position': {'id': 10, 'name': 'Center Defensive Midfield'}, 'teammate': False}, {'location': [104.5, 34.0], 'player': {'id': 8508, 'name': 'Max Meyer'}, 'position': {'id': 13, 'name': 'Right Center Midfield'}, 'teammate': False}, {'location': [117.2, 38.6], 'player': {'id': 8517, 'name': 'Ralf Fährmann'}, 'position': {'id': 1, 'name': 'Goalkeeper'}, 'teammate': False}, {'location': [113.6, 42.1], 'player': {'id': 6039, 'name': 'Sebastian Rudy'}, 'position': {'id': 13, 'name': 'Right Center Midfield'}, 'teammate': True}, {'location': [106.0, 52.4], 'player': {'id': 9397, 'name': 'Pavel Kadeřábek'}, 'position': {'id': 2, 'name': 'Right Back'}, 'teammate': True}, {'location': [98.5, 39.2], 'player': {'id': 8556, 'name': 'Pirmin Schwegler'}, 'position': {'id': 10, 'name': 'Center Defensive Midfield'}, 'teammate': True}, {'location': [98.5, 29.7], 'player': {'id': 26832, 'name': 'Tarik Elyounoussi'}, 'position': {'id': 15, 'name': 'Left Center Midfield'}, 'teammate': True}, {'location': [116.3, 43.1], 'player': {'id': 9396, 'name': 'Ermin Bičakčić'}, 'position': {'id': 5, 'name': 'Left Center Back'}, 'teammate': True}, {'location': [113.2, 36.4], 'player': {'id': 12321, 'name': 'Tobias Strobl'}, 'position': {'id': 6, 'name': 'Left Back'}, 'teammate': True}, {'location': [113.6, 33.1], 'player': {'id': 5537, 'name': 'Fabian Lukas Schär'}, 'position': {'id': 3, 'name': 'Right Center Back'}, 'teammate': True}]",175,175,8387,True,True,False,False,False,False,False,False,False,False,False,False,True,114.5,37.5,120.0,44.0,3.6,,,True,True,True,6.041522986797286,65.56,Left - Head
3a04baf2-b287-40c9-b614-608b323087c9,2115,2,00:04:27.220,49,27,Shot,95,Hoffenheim,Regular Play,Hoffenheim,Andrej Kramarić,Center Forward,"[97.8, 33.2]",0.317364,"['57999455-a1d7-46fd-92f9-f609bef07e89', '6b4f3552-d97f-4c65-818b-55fad6011fcf', 'fbcd0f1c-ba4d-461e-9c27-fa88fc98b07a']",3890561,0.049862858,"[101.5, 34.2]",65a0eb47-07d6-48a3-972b-458e2e4985fb,Open Play,Blocked,False,Normal,Left Foot,"[{'location': [117.5, 36.9], 'player': {'id': 8517, 'name': 'Ralf Fährmann'}, 'position': {'id': 1, 'name': 'Goalkeeper'}, 'teammate': False}, {'location': [101.1, 52.7], 'player': {'id': 3499, 'name': 'Jean-Eric Maxim Choupo-Moting'}, 'position': {'id': 16, 'name': 'Left Midfield'}, 'teammate': False}, {'location': [102.0, 44.3], 'player': {'id': 3510, 'name': 'Sead Kolašinac'}, 'position': {'id': 6, 'name': 'Left Back'}, 'teammate': False}, {'location': [102.9, 40.2], 'player': {'id': 6717, 'name': 'Johannes Geis'}, 'position': {'id': 10, 'name': 'Center Defensive Midfield'}, 'teammate': False}, {'location': [97.4, 36.6], 'player': {'id': 16534, 'name': 'Roman Neustädter'}, 'position': {'id': 5, 'name': 'Left Center Back'}, 'teammate': False}, {'location': [104.2, 32.2], 'player': {'id': 7016, 'name': 'Benedikt Höwedes'}, 'position': {'id': 2, 'name': 'Right Back'}, 'teammate': False}, {'location': [102.0, 34.4], 'player': {'id': 3502, 'name': 'Joël Andre Job Matip'}, 'position': {'id': 3, 'name': 'Right Center Back'}, 'teammate': False}, {'location': [98.9, 46.8], 'player': {'id': 5242, 'name': 'Younès Belhanda'}, 'position': {'id': 15, 'name': 'Left Center Midfield'}, 'teammate': False}, {'location': [86.9, 46.8], 'player': {'id': 8508, 'name': 'Max Meyer'}, 'position': {'id': 13, 'name': 'Right Center Midfield'}, 'teammate': False}, {'location': [104.3, 37.1], 'player': {'id': 8387, 'name': 'Mark Uth'}, 'position': {'id': 17, 'name': 'Right Wing'}, 'teammate': True}, {'location': [102.0, 22.3], 'player': {'id': 26832, 'name': 'Tarik Elyounoussi'}, 'position': {'id': 6, 'name': 'Left Back'}, 'teammate': True}, {'location': [88.1, 34.6], 'player': {'id': 12321, 'name': 'Tobias Strobl'}, 'position': {'id': 15, 'name': 'Left Center Midfield'}, 'teammate': True}, {'location': [102.4, 44.4], 'player': {'id': 6039, 'name': 'Sebastian Rudy'}, 'position': {'id': 13, 'name': 'Right Center Midfield'}, 'teammate': True}, {'location': [102.3, 40.4], 'player': {'id': 8215, 'name': 'Kevin Volland'}, 'position': {'id': 21, 'name': 'Left Wing'}, 'teammate': True}]",175,175,5460,True,False,False,False,False,False,False,False,False,False,False,False,True,97.8,33.2,101.5,34.2,-1.0,,,True,False,False,23.218096390531247,72.97,Left - Outside Foot
54e14238-0b3a-47ab-a5cf-f56083a7a991,2150,2,00:05:13.179,50,13,Shot,97,Schalke 04,Regular Play,Hoffenheim,Sebastian Rudy,Right Center Midfield,"[96.6, 21.4]",0.507334,"['3b980c50-463b-42fd-b4d4-dc6a858639c2', 'dcb648ed-593a-4b3e-8a55-f6149ba6467c']",3890561,0.009032175,"[120.0, 46.6, 5.8]",No Pass,Open Play,Off T,False,Normal,Right Foot,"[{'location': [107.8, 44.2], 'player': {'id': 8556, 'name': 'Pirmin Schwegler'}, 'position': {'id': 10, 'name': 'Center Defensive Midfield'}, 'teammate': True}, {'location': [108.2, 42.1], 'player': {'id': 9397, 'name': 'Pavel Kadeřábek'}, 'position': {'id': 2, 'name': 'Right Back'}, 'teammate': True}, {'location': [118.7, 36.7], 'player': {'id': 8517, 'name': 'Ralf Fährmann'}, 'position': {'id': 1, 'name': 'Goalkeeper'}, 'teammate': False}, {'location': [107.0, 40.0], 'player': {'id': 8060, 'name': 'Klaas-Jan Huntelaar'}, 'position': {'id': 23, 'name': 'Center Forward'}, 'teammate': False}, {'location': [93.4, 18.7], 'player': {'id': 8387, 'name': 'Mark Uth'}, 'position': {'id': 17, 'name': 'Right Wing'}, 'teammate': True}, {'location': [94.5, 10.8], 'player': {'id': 8508, 'name': 'Max Meyer'}, 'position': {'id': 13, 'name': 'Right Center Midfield'}, 'teammate': False}, {'location': [107.3, 35.6], 'player': {'id': 16534, 'name': 'Roman Neustädter'}, 'position': {'id': 5, 'name': 'Left Center Back'}, 'teammate': False}, {'location': [110.6, 21.3], 'player': {'id': 7016, 'name': 'Benedikt Höwedes'}, 'position': {'id': 2, 'name': 'Right Back'}, 'teammate': False}, {'location': [107.6, 27.2], 'player': {'id': 3502, 'name': 'Joël Andre Job Matip'}, 'position': {'id': 3, 'name': 'Right Center Back'}, 'teammate': False}, {'location': [101.2, 39.8], 'player': {'id': 3053, 'name': 'Leroy Sané'}, 'position': {'id': 12, 'name': 'Right Midfield'}, 'teammate': False}, {'location': [105.5, 29.5], 'player': {'id': 6717, 'name': 'Johannes Geis'}, 'position': {'id': 10, 'name': 'Center Defensive Midfield'}, 'teammate': False}, {'location': [100.3, 21.9], 'player': {'id': 3510, 'name': 'Sead Kolašinac'}, 'position': {'id': 6, 'name': 'Left Back'}, 'teammate': False}, {'location': [93.6, 27.3], 'player': {'id': 3499, 'name': 'Jean-Eric Maxim Choupo-Moting'}, 'position': {'id': 16, 'name': 'Left Midfield'}, 'teammate': False}, {'location': [98.5, 19.3], 'player': {'id': 5242, 'name': 'Younès Belhanda'}, 'position': {'id': 15, 'name': 'Left Center Midfield'}, 'teammate': False}, {'location': [107.5, 17.4], 'player': {'id': 26832, 'name': 'Tarik Elyounoussi'}, 'position': {'id': 6, 'name': 'Left Back'}, 'teammate': True}, {'location': [91.3, 47.2], 'player': {'id': 8215, 'name': 'Kevin Volland'}, 'position': {'id': 21, 'name': 'Left Wing'}, 'teammate': True}, {'location': [95.4, 37.9], 'player': {'id': 5537, 'name': 'Fabian Lukas Schär'}, 'position': {'id': 3, 'name': 'Right Center Back'}, 'teammate': True}, {'location': [106.2, 32.4], 'player': {'id': 5460, 'name': 'Andrej Kramarić'}, 'position': {'id': 23, 'name': 'Center Forward'}, 'teammate': True}, {'location': [102.1, 19.3], 'player': {'id': 12321, 'name': 'Tobias Strobl'}, 'position': {'id': 15, 'name': 'Left Center Midfield'}, 'teammate': True}]",181,175,6039,True,False,False,False,False,False,False,False,False,False,False,False,True,96.6,21.4,120.0,46.6,5.8,,,False,False,False,29.891804896994767,51.52,Left - Inside Foot
d740d3a5-3ebb-4887-8b11-2153ad9e958f,2357,2,00:09:16.448,54,16,Shot,105,Schalke 04,Regular Play,Schalke 04,Leroy Sané,Right Midfield,"[105.3, 49.7]",0.585244,['7b1a3e62-3533-42f3-b473-c00b99c21d5f'],3890561,0.116257176,"[117.6, 42.5, 0.2]",c0d8836f-a51c-478f-b17d-16c8a7b3173c,Open Play,Saved,False,Normal,Left Foot,"[{'location': [117.7, 43.0], 'player': {'id': 37972, 'name': 'Jens Grahl'}, 'position': {'id': 1, 'name': 'Goalkeeper'}, 'teammate': False}, {'location': [89.0, 31.2], 'player': {'id': 9397, 'name': 'Pavel Kadeřábek'}, 'position': {'id': 2, 'name': 'Right Back'}, 'teammate': False}, {'location': [94.0, 40.8], 'player': {'id': 6039, 'name': 'Sebastian Rudy'}, 'position': {'id': 13, 'name': 'Right Center Midfield'}, 'teammate': False}, {'location': [103.0, 45.9], 'player': {'id': 12321, 'name': 'Tobias Strobl'}, 'position': {'id': 15, 'name': 'Left Center Midfield'}, 'teammate': False}, {'location': [107.7, 49.4], 'player': {'id': 9396, 'name': 'Ermin Bičakčić'}, 'position': {'id': 5, 'name': 'Left Center Back'}, 'teammate': False}, {'location': [105.0, 39.2], 'player': {'id': 8556, 'name': 'Pirmin Schwegler'}, 'position': {'id': 10, 'name': 'Center Defensive Midfield'}, 'teammate': False}, {'location': [107.3, 42.8], 'player': {'id': 5537, 'name': 'Fabian Lukas Schär'}, 'position': {'id': 3, 'name': 'Right Center Back'}, 'teammate': False}, {'location': [101.2, 37.2], 'player': {'id': 8508, 'name': 'Max Meyer'}, 'position': {'id': 13, 'name': 'Right Center Midfield'}, 'teammate': True}, {'location': [106.3, 39.7], 'player': {'id': 8060, 'name': 'Klaas-Jan Huntelaar'}, 'position': {'id': 23, 'name': 'Center Forward'}, 'teammate': True}]",181,181,3053,False,False,False,False,False,False,False,False,False,False,False,False,True,105.3,49.7,117.6,42.5,0.2,,,True,True,True,17.611927776367928,123.42,Right - Inside Foot
c2fe343c-a890-4a42-b7c0-33b4a5ccefcf,2410,2,00:10:11.167,55,11,Shot,108,Schalke 04,From Keeper,Schalke 04,Leroy Sané,Right Midfield,"[108.2, 48.4]",1.503843,['3c0c4178-bc90-417e-a019-d3ed72be31be'],3890561,0.4451923,"[120.0, 37.3, 0.2]",1d67c3c8-60eb-47bb-a763-2700241d342b,Open Play,Goal,False,Normal,Left Foot,"[{'location': [112.8, 44.8], 'player': {'id': 37972, 'name': 'Jens Grahl'}, 'position': {'id': 1, 'name': 'Goalkeeper'}, 'teammate': False}, {'location': [87.8, 38.2], 'player': {'id': 6039, 'name': 'Sebastian Rudy'}, 'position': {'id': 13, 'name': 'Right Center Midfield'}, 'teammate': False}, {'location': [94.1, 49.7], 'player': {'id': 8556, 'name': 'Pirmin Schwegler'}, 'position': {'id': 10, 'name': 'Center Defensive Midfield'}, 'teammate': False}, {'location': [103.6, 49.6], 'player': {'id': 26832, 'name': 'Tarik Elyounoussi'}, 'position': {'id': 6, 'name': 'Left Back'}, 'teammate': False}, {'location': [98.4, 32.8], 'player': {'id': 9397, 'name': 'Pavel Kadeřábek'}, 'position': {'id': 2, 'name': 'Right Back'}, 'teammate': False}, {'location': [106.5, 43.4], 'player': {'id': 5537, 'name': 'Fabian Lukas Schär'}, 'position': {'id': 3, 'name': 'Right Center Back'}, 'teammate': False}, {'location': [108.0, 45.7], 'player': {'id': 9396, 'name': 'Ermin Bičakčić'}, 'position': {'id': 5, 'name': 'Left Center Back'}, 'teammate': False}, {'location': [95.9, 51.8], 'player': {'id': 8060, 'name': 'Klaas-Jan Huntelaar'}, 'position': {'id': 23, 'name': 'Center Forward'}, 'teammate': True}, {'location': [93.9, 30.6], 'player': {'id': 3499, 'name': 'Jean-Eric Maxim Choupo-Moting'}, 'position': {'id': 16, 'name': 'Left Midfield'}, 'teammate': True}, {'location': [100.7, 38.8], 'player': {'id': 8508, 'name': 'Max Meyer'}, 'position': {'id': 13, 'name': 'Right Center Midfield'}, 'teammate': True}]",181,181,3053,False,False,True,False,False,False,False,False,False,False,False,True,True,108.2,48.4,120.0,37.3,0.2,,,True,True,True,14.484474446799922,125.45,Right - Inside Foot
4cd68d3a-7161-4803-9c2c-75771fb67c82,2574,2,00:15:02.515,60,2,Shot,114,Schalke 04,From Free Kick,Schalke 04,Max Meyer,Right Center Midfield,"[106.6, 49.8]",0.112052,"['35217acf-4a0a-4687-942f-6f7f6b51ea6a', '98f6789b-5c6c-4745-9e65-68356fe19c7a', 'ee43f515-f2ac-46a0-ac0f-a244ad680a7f']",3890561,0.042735294,"[107.6, 49.1]",be3ceca3-8297-4f9c-b4ac-387978f4c81c,Open Play,Blocked,False,Normal,Left Foot,"[{'location': [119.1, 42.9], 'player': {'id': 37972, 'name': 'Jens Grahl'}, 'position': {'id': 1, 'name': 'Goalkeeper'}, 'teammate': False}, {'location': [105.3, 51.7], 'player': {'id': 12321, 'name': 'Tobias Strobl'}, 'position': {'id': 11, 'name': 'Left Defensive Midfield'}, 'teammate': False}, {'location': [108.2, 55.0], 'player': {'id': 26832, 'name': 'Tarik Elyounoussi'}, 'position': {'id': 6, 'name': 'Left Back'}, 'teammate': False}, {'location': [108.1, 49.0], 'player': {'id': 6039, 'name': 'Sebastian Rudy'}, 'position': {'id': 9, 'name': 'Right Defensive Midfield'}, 'teammate': False}, {'location': [107.6, 48.1], 'player': {'id': 9396, 'name': 'Ermin Bičakčić'}, 'position': {'id': 5, 'name': 'Left Center Back'}, 'teammate': False}, {'location': [108.8, 43.1], 'player': {'id': 5537, 'name': 'Fabian Lukas Schär'}, 'position': {'id': 3, 'name': 'Right Center Back'}, 'teammate': False}, {'location': [103.9, 39.0], 'player': {'id': 9397, 'name': 'Pavel Kadeřábek'}, 'position': {'id': 2, 'name': 'Right Back'}, 'teammate': False}, {'location': [92.5, 42.9], 'player': {'id': 5242, 'name': 'Younès Belhanda'}, 'position': {'id': 15, 'name': 'Left Center Midfield'}, 'teammate': True}, {'location': [104.3, 58.7], 'player': {'id': 3053, 'name': 'Leroy Sané'}, 'position': {'id': 12, 'name': 'Right Midfield'}, 'teammate': True}, {'location': [107.8, 45.3], 'player': {'id': 8060, 'name': 'Klaas-Jan Huntelaar'}, 'position': {'id': 23, 'name': 'Center Forward'}, 'teammate': True}, {'location': [100.6, 40.3], 'player': {'id': 3499, 'name': 'Jean-Eric Maxim Choupo-Moting'}, 'position': {'id': 16, 'name': 'Left Midfield'}, 'teammate': True}]",181,181,8508,True,False,False,False,False,False,False,False,False,False,False,False,True,106.6,49.8,107.6,49.1,-1.0,,,True,True,True,16.601204775557708,126.18,Right - Inside Foot
bbb0517f-9929-406c-957a-c4aefcb20ea9,2716,2,00:17:16.806,62,16,Shot,116,Schalke 04,Regular Play,Schalke 04,Leroy Sané,Right Midfield,"[94.1, 50.8]",0.762324,"['b0e28f5c-7520-42cc-a1ff-d01e91637d9c', 'fec55cb8-107a-466d-90a1-554cc6a6dd34']",3890561,0.029627386,"[115.6, 43.5, 1.7]",493a73c1-ed0f-454b-9c5c-abfddc8d3292,Open Play,Saved,False,Normal,Left Foot,"[{'location': [115.3, 42.4], 'player': {'id': 37972, 'name': 'Jens Grahl'}, 'position': {'id': 1, 'name': 'Goalkeeper'}, 'teammate': False}, {'location': [86.2, 50.4], 'player': {'id': 12321, 'name': 'Tobias Strobl'}, 'position': {'id': 11, 'name': 'Left Defensive Midfield'}, 'teammate': False}, {'location': [97.4, 54.7], 'player': {'id': 26832, 'name': 'Tarik Elyounoussi'}, 'position': {'id': 6, 'name': 'Left Back'}, 'teammate': False}, {'location': [102.2, 49.9], 'player': {'id': 9396, 'name': 'Ermin Bičakčić'}, 'position': {'id': 5, 'name': 'Left Center Back'}, 'teammate': False}, {'location': [100.0, 45.6], 'player': {'id': 5537, 'name': 'Fabian Lukas Schär'}, 'position': {'id': 3, 'name': 'Right Center Back'}, 'teammate': False}, {'location': [94.2, 48.6], 'player': {'id': 6039, 'name': 'Sebastian Rudy'}, 'position': {'id': 9, 'name': 'Right Defensive Midfield'}, 'teammate': False}, {'location': [99.5, 37.5], 'player': {'id': 9397, 'name': 'Pavel Kadeřábek'}, 'position': {'id': 2, 'name': 'Right Back'}, 'teammate': False}, {'location': [96.1, 47.7], 'player': {'id': 8508, 'name': 'Max Meyer'}, 'position': {'id': 13, 'name': 'Right Center Midfield'}, 'teammate': True}, {'location': [79.8, 35.9], 'player': {'id': 5242, 'name': 'Younès Belhanda'}, 'position': {'id': 15, 'name': 'Left Center Midfield'}, 'teammate': True}, {'location': [101.4, 49.6], 'player': {'id': 8060, 'name': 'Klaas-Jan Huntelaar'}, 'position': {'id': 23, 'name': 'Center Forward'}, 'teammate': True}, {'location': [97.7, 35.9], 'player': {'id': 3499, 'name': 'Jean-Eric Maxim Choupo-Moting'}, 'position': {'id': 16, 'name': 'Left Midfield'}, 'teammate': True}]",181,181,3053,True,False,False,False,False,False,False,False,False,False,False,False,True,94.1,50.8,115.6,43.5,1.7,,,True,False,False,28.061539515856936,112.64,Right - Inside Foot
8d013eff-82ac-4fe9-8204-e99815883a61,2749,2,00:17:47.013,62,47,Shot,116,Schalke 04,Regular Play,Schalke 04,Klaas-Jan Huntelaar,Center Forward,"[102.9, 55.0]",0.699681,['cf9e1ca8-78cf-46e0-b7dd-78d2ad910184'],3890561,0.049176164,"[120.0, 41.2, 4.5]",7e86bf20-490a-4991-a894-d36f94feb3cc,Open Play,Off T,False,Lob,Right Foot,"[{'location': [101.6, 52.6], 'player': {'id': 26832, 'name': 'Tarik Elyounoussi'}, 'position': {'id': 6, 'name': 'Left Back'}, 'teammate': False}, {'location': [115.8, 44.1], 'player': {'id': 37972, 'name': 'Jens Grahl'}, 'position': {'id': 1, 'name': 'Goalkeeper'}, 'teammate': False}, {'location': [91.9, 52.6], 'player': {'id': 9396, 'name': 'Ermin Bičakčić'}, 'position': {'id': 5, 'name': 'Left Center Back'}, 'teammate': False}, {'location': [103.9, 52.5], 'player': {'id': 5537, 'name': 'Fabian Lukas Schär'}, 'position': {'id': 3, 'name': 'Right Center Back'}, 'teammate': False}, {'location': [99.8, 39.4], 'player': {'id': 9397, 'name': 'Pavel Kadeřábek'}, 'position': {'id': 2, 'name': 'Right Back'}, 'teammate': False}, {'location': [98.7, 37.9], 'player': {'id': 3499, 'name': 'Jean-Eric Maxim Choupo-Moting'}, 'position': {'id': 16, 'name': 'Left Midfield'}, 'teammate': True}, {'location': [87.5, 20.0], 'player': {'id': 3510, 'name': 'Sead Kolašinac'}, 'position': {'id': 6, 'name': 'Left Back'}, 'teammate': True}]",181,181,8060,False,False,False,False,False,False,False,False,False,False,False,False,True,102.9,55.0,120.0,41.2,4.5,,,True,True,True,22.746648104720833,131.26,Right - Outside Foot
74860a2b-979f-4f2b-b86c-32243907739b,3035,2,00:24:05.833,69,5,Shot,132,Hoffenheim,From Throw In,Hoffenheim,Kevin Kuranyi,Right Center Forward,"[117.7, 45.4]",0.369104,"['78f69dfd-7499-4dc2-8154-00e7354808bd', 'a871ee4a-8dff-4f19-a582-5de96d9f43b1']",3890561,0.12288414,"[120.0, 45.0, 0.2]",fdafdba9-eb29-4cd6-93b0-b90350be40d8,Open Play,Off T,True,Backheel,Right Foot,"[{'location': [117.5, 44.6], 'player': {'id': 7016, 'name': 'Benedikt Höwedes'}, 'position': {'id': 2, 'name': 'Right Back'}, 'teammate': False}, {'location': [119.0, 43.8], 'player': {'id': 8517, 'name': 'Ralf Fährmann'}, 'position': {'id': 1, 'name': 'Goalkeeper'}, 'teammate': False}, {'location': [114.8, 46.9], 'player': {'id': 3502, 'name': 'Joël Andre Job Matip'}, 'position': {'id': 3, 'name': 'Right Center Back'}, 'teammate': False}, {'location': [115.6, 54.6], 'player': {'id': 5242, 'name': 'Younès Belhanda'}, 'position': {'id': 15, 'name': 'Left Center Midfield'}, 'teammate': False}, {'location': [116.3, 51.1], 'player': {'id': 16534, 'name': 'Roman Neustädter'}, 'position': {'id': 5, 'name': 'Left Center Back'}, 'teammate': False}, {'location': [98.4, 72.5], 'player': {'id': 3510, 'name': 'Sead Kolašinac'}, 'position': {'id': 6, 'name': 'Left Back'}, 'teammate': False}, {'location': [107.3, 50.7], 'player': {'id': 6717, 'name': 'Johannes Geis'}, 'position': {'id': 10, 'name': 'Center Defensive Midfield'}, 'teammate': False}, {'location': [119.5, 53.6], 'player': {'id': 8387, 'name': 'Mark Uth'}, 'position': {'id': 12, 'name': 'Right Midfield'}, 'teammate': True}, {'location': [105.5, 38.0], 'player': {'id': 5460, 'name': 'Andrej Kramarić'}, 'position': {'id': 24, 'name': 'Left Center Forward'}, 'teammate': True}, {'location': [112.2, 49.9], 'player': {'id': 8215, 'name': 'Kevin Volland'}, 'position': {'id': 16, 'name': 'Left Midfield'}, 'teammate': True}]",175,175,19836,True,False,False,False,False,False,False,False,False,False,False,False,True,117.7,45.4,120.0,45.0,0.2,,,True,True,True,5.869412236331673,156.93,Right - Outside Foot
07536e21-de08-4fb5-9e29-85b7370d2acd,3059,2,00:24:47.732,69,47,Shot,134,Hoffenheim,Regular Play,Hoffenheim,Andrej Kramarić,Left Center Forward,"[102.0, 44.8]",0.393484,"['61902dcb-d4ff-4e1a-9698-5e6129935709', 'cd7f3fc1-2629-414f-bdcc-290227b3831f']",3890561,0.2637808,"[112.9, 42.0, 1.6]",79f23770-8f8f-4734-826e-59bb3afbd32d,Open Play,Saved,True,Normal,Right Foot,"[{'location': [113.0, 42.4], 'player': {'id': 8517, 'name': 'Ralf Fährmann'}, 'position': {'id': 1, 'name': 'Goalkeeper'}, 'teammate': False}, {'location': [101.7, 49.1], 'player': {'id': 3502, 'name': 'Joël Andre Job Matip'}, 'position': {'id': 3, 'name': 'Right Center Back'}, 'teammate': False}, {'location': [97.1, 54.3], 'player': {'id': 16534, 'name': 'Roman Neustädter'}, 'position': {'id': 5, 'name': 'Left Center Back'}, 'teammate': False}, {'location': [92.4, 61.1], 'player': {'id': 3510, 'name': 'Sead Kolašinac'}, 'position': {'id': 6, 'name': 'Left Back'}, 'teammate': False}, {'location': [102.1, 42.3], 'player': {'id': 7016, 'name': 'Benedikt Höwedes'}, 'position': {'id': 2, 'name': 'Right Back'}, 'teammate': False}, {'location': [94.5, 49.7], 'player': {'id': 6717, 'name': 'Johannes Geis'}, 'position': {'id': 10, 'name': 'Center Defensive Midfield'}, 'teammate': False}, {'location': [84.6, 56.2], 'player': {'id': 5242, 'name': 'Younès Belhanda'}, 'position': {'id': 15, 'name': 'Left Center Midfield'}, 'teammate': False}, {'location': [84.9, 27.9], 'player': {'id': 26832, 'name': 'Tarik Elyounoussi'}, 'position': {'id': 6, 'name': 'Left Back'}, 'teammate': True}, {'location': [98.9, 29.7], 'player': {'id': 8215, 'name': 'Kevin Volland'}, 'position': {'id': 16, 'name': 'Left Midfield'}, 'teammate': True}, {'location': [87.8, 64.6], 'player': {'id': 8387, 'name': 'Mark Uth'}, 'position': {'id': 12, 'name': 'Right Midfield'}, 'teammate': True}, {'location': [96.9, 49.7], 'player': {'id': 8404, 'name': 'Eugen Polanski'}, 'position': {'id': 11, 'name': 'Left Defensive Midfield'}, 'teammate': True}, {'location': [101.0, 60.7], 'player': {'id': 19836, 'name': 'Kevin Kuranyi'}, 'position': {'id': 22, 'name': 'Right Center Forward'}, 'teammate': True}]",175,175,5460,True,False,False,False,False,False,False,False,False,False,False,False,True,102.0,44.8,112.9,42.0,1.6,,,True,False,False,18.629009635512027,104.93,Right - Outside Foot
50a0c213-a2a7-4834-85cb-9d44d7d3bffe,3067,2,00:25:06.737,70,6,Shot,135,Hoffenheim,From Corner,Hoffenheim,Eugen Polanski,Left Defensive Midfield,"[101.2, 24.3]",0.872248,"['0b4a15d5-2045-4245-b5cc-85f0ad8fa95d', 'f519e83d-dfb6-45ff-bfdd-1c6d9890b25d']",3890561,0.02574354,"[116.2, 37.5, 0.2]",525266af-3c7c-4b79-a54e-e8810bbc9117,Open Play,Saved,False,Normal,Left Foot,"[{'location': [111.4, 42.9], 'player': {'id': 3053, 'name': 'Leroy Sané'}, 'position': {'id': 12, 'name': 'Right Midfield'}, 'teammate': False}, {'location': [111.0, 39.9], 'player': {'id': 3502, 'name': 'Joël Andre Job Matip'}, 'position': {'id': 3, 'name': 'Right Center Back'}, 'teammate': False}, {'location': [118.7, 35.3], 'player': {'id': 6717, 'name': 'Johannes Geis'}, 'position': {'id': 10, 'name': 'Center Defensive Midfield'}, 'teammate': False}, {'location': [113.0, 45.5], 'player': {'id': 16534, 'name': 'Roman Neustädter'}, 'position': {'id': 5, 'name': 'Left Center Back'}, 'teammate': False}, {'location': [108.5, 41.8], 'player': {'id': 3499, 'name': 'Jean-Eric Maxim Choupo-Moting'}, 'position': {'id': 16, 'name': 'Left Midfield'}, 'teammate': False}, {'location': [110.3, 32.7], 'player': {'id': 7016, 'name': 'Benedikt Höwedes'}, 'position': {'id': 2, 'name': 'Right Back'}, 'teammate': False}, {'location': [107.1, 34.2], 'player': {'id': 8060, 'name': 'Klaas-Jan Huntelaar'}, 'position': {'id': 23, 'name': 'Center Forward'}, 'teammate': False}, {'location': [102.1, 26.7], 'player': {'id': 5242, 'name': 'Younès Belhanda'}, 'position': {'id': 15, 'name': 'Left Center Midfield'}, 'teammate': False}, {'location': [105.8, 23.9], 'player': {'id': 3510, 'name': 'Sead Kolašinac'}, 'position': {'id': 6, 'name': 'Left Back'}, 'teammate': False}, {'location': [102.4, 18.3], 'player': {'id': 8508, 'name': 'Max Meyer'}, 'position': {'id': 13, 'name': 'Right Center Midfield'}, 'teammate': False}, {'location': [106.7, 8.6], 'player': {'id': 6039, 'name': 'Sebastian Rudy'}, 'position': {'id': 9, 'name': 'Right Defensive Midfield'}, 'teammate': True}, {'location': [109.8, 24.1], 'player': {'id': 26832, 'name': 'Tarik Elyounoussi'}, 'position': {'id': 6, 'name': 'Left Back'}, 'teammate': True}, {'location': [118.1, 36.5], 'player': {'id': 8517, 'name': 'Ralf Fährmann'}, 'position': {'id': 1, 'name': 'Goalkeeper'}, 'teammate': False}, {'location': [111.9, 46.9], 'player': {'id': 19836, 'name': 'Kevin Kuranyi'}, 'position': {'id': 22, 'name': 'Right Center Forward'}, 'teammate': True}, {'location': [110.3, 48.9], 'player': {'id': 8215, 'name': 'Kevin Volland'}, 'position': {'id': 16, 'name': 'Left Midfield'}, 'teammate': True}, {'location': [112.0, 43.7], 'player': {'id': 9396, 'name': 'Ermin Bičakčić'}, 'position': {'id': 5, 'name': 'Left Center Back'}, 'teammate': True}, {'location': [108.0, 47.6], 'player': {'id': 8387, 'name': 'Mark Uth'}, 'position': {'id': 12, 'name': 'Right Midfield'}, 'teammate': True}, {'location': [108.4, 40.1], 'player': {'id': 5460, 'name': 'Andrej Kramarić'}, 'position': {'id': 24, 'name': 'Left Center Forward'}, 'teammate': True}, {'location': [94.6, 49.5], 'player': {'id': 5537, 'name': 'Fabian Lukas Schär'}, 'position': {'id': 3, 'name': 'Right Center Back'}, 'teammate': True}]",175,175,8404,True,False,False,False,False,False,False,False,False,False,False,False,True,101.2,24.3,116.2,37.5,0.2,,,True,False,False,24.493468517137376,50.13,Left - Outside Foot
bc4d823b-a6cf-4ce9-81ff-74a07b938c01,3483,2,00:33:52.393,78,52,Shot,153,Hoffenheim,Regular Play,Hoffenheim,Andrej Kramarić,Left Center Forward,"[103.7, 30.2]",0.565168,"['288f92ab-d962-4098-b9eb-9bd1247be760', '808f7eb5-8a9a-400d-9763-dc8187df2a98']",3890561,0.10057988,"[117.5, 36.1, 1.2]",85d3add2-47d9-488e-ae75-6639180e002b,Open Play,Saved,False,Normal,Right Foot,"[{'location': [95.6, 34.3], 'player': {'id': 8508, 'name': 'Max Meyer'}, 'position': {'id': 13, 'name': 'Right Center Midfield'}, 'teammate': False}, {'location': [94.9, 44.1], 'player': {'id': 5242, 'name': 'Younès Belhanda'}, 'position': {'id': 15, 'name': 'Left Center Midfield'}, 'teammate': False}, {'location': [100.9, 27.6], 'player': {'id': 7016, 'name': 'Benedikt Höwedes'}, 'position': {'id': 2, 'name': 'Right Back'}, 'teammate': False}, {'location': [103.1, 33.2], 'player': {'id': 6717, 'name': 'Johannes Geis'}, 'position': {'id': 10, 'name': 'Center Defensive Midfield'}, 'teammate': False}, {'location': [108.5, 41.1], 'player': {'id': 3510, 'name': 'Sead Kolašinac'}, 'position': {'id': 6, 'name': 'Left Back'}, 'teammate': False}, {'location': [106.5, 36.1], 'player': {'id': 16534, 'name': 'Roman Neustädter'}, 'position': {'id': 5, 'name': 'Left Center Back'}, 'teammate': False}, {'location': [105.8, 30.1], 'player': {'id': 3502, 'name': 'Joël Andre Job Matip'}, 'position': {'id': 3, 'name': 'Right Center Back'}, 'teammate': False}, {'location': [117.4, 37.3], 'player': {'id': 8517, 'name': 'Ralf Fährmann'}, 'position': {'id': 1, 'name': 'Goalkeeper'}, 'teammate': False}, {'location': [97.1, 37.9], 'player': {'id': 8387, 'name': 'Mark Uth'}, 'position': {'id': 12, 'name': 'Right Midfield'}, 'teammate': True}, {'location': [107.1, 44.3], 'player': {'id': 19836, 'name': 'Kevin Kuranyi'}, 'position': {'id': 22, 'name': 'Right Center Forward'}, 'teammate': True}]",175,175,5460,True,False,False,False,False,False,False,False,False,False,False,False,True,103.7,30.2,117.5,36.1,1.2,,,True,True,True,19.01920082443003,58.98,Left - Inside Foot
f251354e-b226-4713-9cd4-bd2e259ae827,3497,2,00:34:19.931,79,19,Shot,154,Hoffenheim,From Corner,Hoffenheim,Sebastian Rudy,Right Defensive Midfield,"[96.5, 49.6]",0.178788,"['10a7f1e7-0030-4e3e-bfc2-492b3edfadea', '38575638-6328-47d2-a3a1-59cbbe489d37']",3890561,0.030122416,"[100.8, 48.1]",178c87dc-df2d-4955-aaa5-19314f26d5db,Open Play,Blocked,False,Normal,Right Foot,"[{'location': [107.5, 44.1], 'player': {'id': 16534, 'name': 'Roman Neustädter'}, 'position': {'id': 5, 'name': 'Left Center Back'}, 'teammate': False}, {'location': [106.8, 40.5], 'player': {'id': 3502, 'name': 'Joël Andre Job Matip'}, 'position': {'id': 3, 'name': 'Right Center Back'}, 'teammate': False}, {'location': [106.1, 38.3], 'player': {'id': 7016, 'name': 'Benedikt Höwedes'}, 'position': {'id': 2, 'name': 'Right Back'}, 'teammate': False}, {'location': [100.4, 22.2], 'player': {'id': 11281, 'name': 'Alessandro Schöpf'}, 'position': {'id': 12, 'name': 'Right Midfield'}, 'teammate': False}, {'location': [107.9, 35.6], 'player': {'id': 6717, 'name': 'Johannes Geis'}, 'position': {'id': 10, 'name': 'Center Defensive Midfield'}, 'teammate': False}, {'location': [105.1, 46.2], 'player': {'id': 3510, 'name': 'Sead Kolašinac'}, 'position': {'id': 6, 'name': 'Left Back'}, 'teammate': False}, {'location': [99.9, 35.5], 'player': {'id': 8508, 'name': 'Max Meyer'}, 'position': {'id': 13, 'name': 'Right Center Midfield'}, 'teammate': False}, {'location': [99.4, 44.0], 'player': {'id': 8060, 'name': 'Klaas-Jan Huntelaar'}, 'position': {'id': 23, 'name': 'Center Forward'}, 'teammate': False}, {'location': [101.2, 47.9], 'player': {'id': 3499, 'name': 'Jean-Eric Maxim Choupo-Moting'}, 'position': {'id': 16, 'name': 'Left Midfield'}, 'teammate': False}, {'location': [93.6, 38.5], 'player': {'id': 5242, 'name': 'Younès Belhanda'}, 'position': {'id': 15, 'name': 'Left Center Midfield'}, 'teammate': False}, {'location': [118.6, 40.9], 'player': {'id': 8517, 'name': 'Ralf Fährmann'}, 'position': {'id': 1, 'name': 'Goalkeeper'}, 'teammate': False}, {'location': [98.5, 17.9], 'player': {'id': 8403, 'name': 'Nadiem Amiri'}, 'position': {'id': 16, 'name': 'Left Midfield'}, 'teammate': True}, {'location': [94.0, 29.8], 'player': {'id': 26832, 'name': 'Tarik Elyounoussi'}, 'position': {'id': 6, 'name': 'Left Back'}, 'teammate': True}, {'location': [106.5, 29.8], 'player': {'id': 5460, 'name': 'Andrej Kramarić'}, 'position': {'id': 24, 'name': 'Left Center Forward'}, 'teammate': True}, {'location': [108.5, 37.5], 'player': {'id': 8387, 'name': 'Mark Uth'}, 'position': {'id': 12, 'name': 'Right Midfield'}, 'teammate': True}, {'location': [108.5, 41.8], 'player': {'id': 5537, 'name': 'Fabian Lukas Schär'}, 'position': {'id': 3, 'name': 'Right Center Back'}, 'teammate': True}, {'location': [109.2, 41.8], 'player': {'id': 9396, 'name': 'Ermin Bičakčić'}, 'position': {'id': 5, 'name': 'Left Center Back'}, 'teammate': True}, {'location': [107.4, 44.8], 'player': {'id': 19836, 'name': 'Kevin Kuranyi'}, 'position': {'id': 22, 'name': 'Right Center Forward'}, 'teammate': True}]",175,175,6039,False,False,False,False,False,False,False,False,False,False,False,False,True,96.5,49.6,100.8,48.1,-1.0,,,True,False,False,25.38523192724463,112.22,Right - Outside Foot
82ba2a4c-6807-4019-89d8-30acc70d5d57,3729,2,00:38:48.513,83,48,Shot,162,Schalke 04,Regular Play,Schalke 04,Younès Belhanda,Left Center Midfield,"[92.8, 27.8]",1.414004,['e6fd965a-1d19-4051-a56b-0232a3a68cad'],3890561,0.02135157,"[119.3, 41.9, 1.8]",fc04dc03-0b44-46a6-be5c-a479228c6c76,Open Play,Saved,False,Normal,Right Foot,"[{'location': [97.5, 34.9], 'player': {'id': 5460, 'name': 'Andrej Kramarić'}, 'position': {'id': 24, 'name': 'Left Center Forward'}, 'teammate': False}, {'location': [119.1, 40.2], 'player': {'id': 37972, 'name': 'Jens Grahl'}, 'position': {'id': 1, 'name': 'Goalkeeper'}, 'teammate': False}, {'location': [87.7, 37.9], 'player': {'id': 8387, 'name': 'Mark Uth'}, 'position': {'id': 12, 'name': 'Right Midfield'}, 'teammate': False}, {'location': [99.4, 48.2], 'player': {'id': 8403, 'name': 'Nadiem Amiri'}, 'position': {'id': 16, 'name': 'Left Midfield'}, 'teammate': False}, {'location': [97.9, 30.6], 'player': {'id': 8404, 'name': 'Eugen Polanski'}, 'position': {'id': 11, 'name': 'Left Defensive Midfield'}, 'teammate': False}, {'location': [105.6, 44.5], 'player': {'id': 26832, 'name': 'Tarik Elyounoussi'}, 'position': {'id': 6, 'name': 'Left Back'}, 'teammate': False}, {'location': [97.0, 24.9], 'player': {'id': 6039, 'name': 'Sebastian Rudy'}, 'position': {'id': 9, 'name': 'Right Defensive Midfield'}, 'teammate': False}, {'location': [106.3, 40.5], 'player': {'id': 9396, 'name': 'Ermin Bičakčić'}, 'position': {'id': 5, 'name': 'Left Center Back'}, 'teammate': False}, {'location': [105.4, 34.0], 'player': {'id': 5537, 'name': 'Fabian Lukas Schär'}, 'position': {'id': 3, 'name': 'Right Center Back'}, 'teammate': False}, {'location': [100.9, 25.6], 'player': {'id': 9397, 'name': 'Pavel Kadeřábek'}, 'position': {'id': 2, 'name': 'Right Back'}, 'teammate': False}, {'location': [103.3, 43.4], 'player': {'id': 11281, 'name': 'Alessandro Schöpf'}, 'position': {'id': 12, 'name': 'Right Midfield'}, 'teammate': True}, {'location': [102.7, 34.4], 'player': {'id': 3499, 'name': 'Jean-Eric Maxim Choupo-Moting'}, 'position': {'id': 16, 'name': 'Left Midfield'}, 'teammate': True}, {'location': [105.7, 37.8], 'player': {'id': 8060, 'name': 'Klaas-Jan Huntelaar'}, 'position': {'id': 23, 'name': 'Center Forward'}, 'teammate': True}, {'location': [105.3, 17.4], 'player': {'id': 3510, 'name': 'Sead Kolašinac'}, 'position': {'id': 6, 'name': 'Left Back'}, 'teammate': True}, {'location': [97.1, 17.1], 'player': {'id': 8508, 'name': 'Max Meyer'}, 'position': {'id': 13, 'name': 'Right Center Midfield'}, 'teammate': True}]",181,181,5242,False,False,False,False,False,False,False,False,False,False,False,False,True,92.8,27.8,119.3,41.9,1.8,,,True,False,False,29.81073632099684,65.84,Left - Inside Foot
209b441a-d4c7-465f-942d-01c9527a3a96,3822,2,00:41:12.007,86,12,Shot,167,Hoffenheim,Regular Play,Hoffenheim,Fabian Lukas Schär,Right Center Back,"[84.9, 58.9]",0.742329,['b45fd3d7-bb30-4ad7-9bbf-b8d5ef655282'],3890561,0.0051403497,"[120.0, 31.3, 0.4]",d7251088-5627-463c-95b3-5972755d9b46,Open Play,Off T,False,Normal,Right Foot,"[{'location': [102.5, 43.5], 'player': {'id': 16534, 'name': 'Roman Neustädter'}, 'position': {'id': 5, 'name': 'Left Center Back'}, 'teammate': False}, {'location': [96.8, 51.1], 'player': {'id': 3510, 'name': 'Sead Kolašinac'}, 'position': {'id': 6, 'name': 'Left Back'}, 'teammate': False}, {'location': [102.5, 35.9], 'player': {'id': 3502, 'name': 'Joël Andre Job Matip'}, 'position': {'id': 3, 'name': 'Right Center Back'}, 'teammate': False}, {'location': [103.1, 30.4], 'player': {'id': 7016, 'name': 'Benedikt Höwedes'}, 'position': {'id': 2, 'name': 'Right Back'}, 'teammate': False}, {'location': [98.2, 29.4], 'player': {'id': 8824, 'name': 'Marco Höger'}, 'position': {'id': 13, 'name': 'Right Center Midfield'}, 'teammate': False}, {'location': [90.0, 40.9], 'player': {'id': 6717, 'name': 'Johannes Geis'}, 'position': {'id': 10, 'name': 'Center Defensive Midfield'}, 'teammate': False}, {'location': [91.0, 30.8], 'player': {'id': 11281, 'name': 'Alessandro Schöpf'}, 'position': {'id': 12, 'name': 'Right Midfield'}, 'teammate': False}, {'location': [88.4, 54.0], 'player': {'id': 5242, 'name': 'Younès Belhanda'}, 'position': {'id': 15, 'name': 'Left Center Midfield'}, 'teammate': False}, {'location': [99.0, 60.5], 'player': {'id': 3499, 'name': 'Jean-Eric Maxim Choupo-Moting'}, 'position': {'id': 16, 'name': 'Left Midfield'}, 'teammate': False}, {'location': [118.7, 40.6], 'player': {'id': 8517, 'name': 'Ralf Fährmann'}, 'position': {'id': 1, 'name': 'Goalkeeper'}, 'teammate': False}, {'location': [93.3, 13.9], 'player': {'id': 26832, 'name': 'Tarik Elyounoussi'}, 'position': {'id': 6, 'name': 'Left Back'}, 'teammate': True}, {'location': [102.4, 28.7], 'player': {'id': 8387, 'name': 'Mark Uth'}, 'position': {'id': 12, 'name': 'Right Midfield'}, 'teammate': True}, {'location': [97.9, 31.7], 'player': {'id': 8403, 'name': 'Nadiem Amiri'}, 'position': {'id': 16, 'name': 'Left Midfield'}, 'teammate': True}, {'location': [99.6, 41.7], 'player': {'id': 19836, 'name': 'Kevin Kuranyi'}, 'position': {'id': 22, 'name': 'Right Center Forward'}, 'teammate': True}, {'location': [95.2, 47.9], 'player': {'id': 5460, 'name': 'Andrej Kramarić'}, 'position': {'id': 24, 'name': 'Left Center Forward'}, 'teammate': True}, {'location': [80.0, 49.0], 'player': {'id': 6039, 'name': 'Sebastian Rudy'}, 'position': {'id': 9, 'name': 'Right Defensive Midfield'}, 'teammate': True}, {'location': [98.5, 65.2], 'player': {'id': 9397, 'name': 'Pavel Kadeřábek'}, 'position': {'id': 2, 'name': 'Right Back'}, 'teammate': True}]",175,175,5537,False,False,False,False,False,False,False,False,False,False,False,False,True,84.9,58.9,120.0,31.3,0.4,,,False,False,False,39.86502226263017,118.3,Right - Outside Foot
